{
  "aggregate": {
    "label": "PrismaSCOUT-27B-NVFP4 (DFlash, default)",
    "model": "qwen/qwen3.6-27b",
    "n_task_runs": 15,
    "accuracy_final_answer": 0.9333333333333333,
    "tool_selection_accuracy": 0.9333333333333333,
    "total_tool_calls": 34,
    "bad_json_calls": 0,
    "unknown_tool_calls": 0,
    "e2e_tps_wallclock": 41.08501924216388,
    "mean_task_wall_s": 17.91407217462547,
    "aggregate_decode_tps": 109.33745989645212,
    "mean_ttft_s_first_round": 8.868474055143695,
    "total_completion_tokens": 11040,
    "total_wall_s": 268.71108261938207,
    "total_decode_time_s": 100.97179878200404
  },
  "runs": [
    {
      "task": "chain_mul_div",
      "correct": true,
      "tool_selection_ok": true,
      "called": [
        "multiply",
        "divide"
      ],
      "n_tool_calls": 2,
      "bad_json": 0,
      "unknown_tool": 0,
      "rounds": 3,
      "completion_tokens": 243,
      "decode_time": 1.3088367881719023,
      "wall_time": 8.226376042934135,
      "decode_tps": 185.66104054838382,
      "e2e_tps": 29.539131050144434,
      "sum_ttft": 6.917539254762232,
      "ttft_first": 4.74170485092327,
      "final_text": "\n\n64",
      "err": null,
      "trial": 0
    },
    {
      "task": "chain_pow_sqrt",
      "correct": true,
      "tool_selection_ok": true,
      "called": [
        "power",
        "sqrt"
      ],
      "n_tool_calls": 2,
      "bad_json": 0,
      "unknown_tool": 0,
      "rounds": 3,
      "completion_tokens": 382,
      "decode_time": 1.2991534029133618,
      "wall_time": 12.396742232143879,
      "decode_tps": 294.03763954538545,
      "e2e_tps": 30.81454730981668,
      "sum_ttft": 11.097588829230517,
      "ttft_first": 6.44117496907711,
      "final_text": "\n\n32.0",
      "err": null,
      "trial": 0
    },
    {
      "task": "parallel_add_mul",
      "correct": true,
      "tool_selection_ok": true,
      "called": [
        "add",
        "multiply"
      ],
      "n_tool_calls": 2,
      "bad_json": 0,
      "unknown_tool": 0,
      "rounds": 2,
      "completion_tokens": 330,
      "decode_time": 2.110332232201472,
      "wall_time": 8.710605025989935,
      "decode_tps": 156.37348231929727,
      "e2e_tps": 37.88485403888422,
      "sum_ttft": 6.600272793788463,
      "ttft_first": 3.14341965992935,
      "final_text": "\n\n45 plus 55 is 100, and 9 times 9 is 81.",
      "err": null,
      "trial": 0
    },
    {
      "task": "currency_chain",
      "correct": true,
      "tool_selection_ok": true,
      "called": [
        "convert_currency",
        "convert_currency"
      ],
      "n_tool_calls": 2,
      "bad_json": 0,
      "unknown_tool": 0,
      "rounds": 3,
      "completion_tokens": 862,
      "decode_time": 2.612935314886272,
      "wall_time": 21.684461921919137,
      "decode_tps": 329.89718309866333,
      "e2e_tps": 39.75196632057866,
      "sum_ttft": 19.071526607032865,
      "ttft_first": 3.1412699839565903,
      "final_text": "\n\nThe final amount is 44550.0 JPY.",
      "err": null,
      "trial": 0
    },
    {
      "task": "population_agg",
      "correct": true,
      "tool_selection_ok": true,
      "called": [
        "get_city_population",
        "get_city_population",
        "add",
        "divide"
      ],
      "n_tool_calls": 4,
      "bad_json": 0,
      "unknown_tool": 0,
      "rounds": 4,
      "completion_tokens": 1117,
      "decode_time": 3.001576137030497,
      "wall_time": 29.089997141156346,
      "decode_tps": 372.13781993385123,
      "e2e_tps": 38.39807871344461,
      "sum_ttft": 26.08842100412585,
      "ttft_first": 3.793642782140523,
      "final_text": "\n\n24000000.0",
      "err": null,
      "trial": 0
    },
    {
      "task": "chain_mul_div",
      "correct": true,
      "tool_selection_ok": true,
      "called": [
        "multiply",
        "divide"
      ],
      "n_tool_calls": 2,
      "bad_json": 0,
      "unknown_tool": 0,
      "rounds": 3,
      "completion_tokens": 216,
      "decode_time": 1.4343122320715338,
      "wall_time": 7.148663850966841,
      "decode_tps": 150.59482528991455,
      "e2e_tps": 30.21543668902357,
      "sum_ttft": 5.714351618895307,
      "ttft_first": 3.5367283339146525,
      "final_text": "\n\n64",
      "err": null,
      "trial": 1
    },
    {
      "task": "chain_pow_sqrt",
      "correct": true,
      "tool_selection_ok": true,
      "called": [
        "power",
        "sqrt"
      ],
      "n_tool_calls": 2,
      "bad_json": 0,
      "unknown_tool": 0,
      "rounds": 3,
      "completion_tokens": 408,
      "decode_time": 1.0405560098588467,
      "wall_time": 12.354452657978982,
      "decode_tps": 392.09806693187613,
      "e2e_tps": 33.02453061216742,
      "sum_ttft": 11.313896648120135,
      "ttft_first": 6.401962209958583,
      "final_text": "\n\n32",
      "err": null,
      "trial": 1
    },
    {
      "task": "parallel_add_mul",
      "correct": true,
      "tool_selection_ok": true,
      "called": [
        "add",
        "multiply"
      ],
      "n_tool_calls": 2,
      "bad_json": 0,
      "unknown_tool": 0,
      "rounds": 2,
      "completion_tokens": 287,
      "decode_time": 2.6091155130416155,
      "wall_time": 8.949399774195626,
      "decode_tps": 109.9989627003618,
      "e2e_tps": 32.06918980505546,
      "sum_ttft": 6.340284261154011,
      "ttft_first": 3.151661602081731,
      "final_text": "\n\nThe results are:\n- 45 plus 55 is 100.\n- 9 times 9 is 81.",
      "err": null,
      "trial": 1
    },
    {
      "task": "currency_chain",
      "correct": true,
      "tool_selection_ok": true,
      "called": [
        "convert_currency",
        "convert_currency"
      ],
      "n_tool_calls": 2,
      "bad_json": 0,
      "unknown_tool": 0,
      "rounds": 3,
      "completion_tokens": 464,
      "decode_time": 2.7439223828259856,
      "wall_time": 13.56701228278689,
      "decode_tps": 169.10099312726297,
      "e2e_tps": 34.20060292778674,
      "sum_ttft": 10.823089899960905,
      "ttft_first": 4.972822417970747,
      "final_text": "\n\nThe final amount is 44,550.0 JPY.",
      "err": null,
      "trial": 1
    },
    {
      "task": "population_agg",
      "correct": true,
      "tool_selection_ok": true,
      "called": [
        "get_city_population",
        "get_city_population",
        "add",
        "divide"
      ],
      "n_tool_calls": 4,
      "bad_json": 0,
      "unknown_tool": 0,
      "rounds": 4,
      "completion_tokens": 514,
      "decode_time": 2.7392536532133818,
      "wall_time": 14.458464541239664,
      "decode_tps": 187.6423526521662,
      "e2e_tps": 35.55010966302303,
      "sum_ttft": 11.719210888026282,
      "ttft_first": 3.4033040560316294,
      "final_text": "\n\n24000000",
      "err": null,
      "trial": 1
    },
    {
      "task": "chain_mul_div",
      "correct": false,
      "tool_selection_ok": false,
      "called": [],
      "n_tool_calls": 0,
      "bad_json": 0,
      "unknown_tool": 0,
      "rounds": 1,
      "completion_tokens": 4096,
      "decode_time": 71.17009153496474,
      "wall_time": 71.17009153496474,
      "decode_tps": 57.5522654482986,
      "e2e_tps": 57.5522654482986,
      "sum_ttft": 71.17009153496474,
      "ttft_first": 71.17009153496474,
      "final_text": "",
      "err": null,
      "trial": 2
    },
    {
      "task": "chain_pow_sqrt",
      "correct": true,
      "tool_selection_ok": true,
      "called": [
        "power",
        "sqrt"
      ],
      "n_tool_calls": 2,
      "bad_json": 0,
      "unknown_tool": 0,
      "rounds": 3,
      "completion_tokens": 427,
      "decode_time": 1.3078137978445739,
      "wall_time": 14.493376465048641,
      "decode_tps": 326.49907861787716,
      "e2e_tps": 29.46173384992294,
      "sum_ttft": 13.185562667204067,
      "ttft_first": 8.384006147040054,
      "final_text": "\n\n32.0",
      "err": null,
      "trial": 2
    },
    {
      "task": "parallel_add_mul",
      "correct": true,