{
  "aggregate": {
    "label": "dflash n=10 @2396a611",
    "model": "qwen/qwen3.6-27b",
    "n_task_runs": 15,
    "accuracy_final_answer": 0.9333333333333333,
    "tool_selection_accuracy": 1.0,
    "total_tool_calls": 36,
    "bad_json_calls": 0,
    "unknown_tool_calls": 0,
    "e2e_tps_wallclock": 34.39735187965267,
    "mean_task_wall_s": 10.173263760467913,
    "aggregate_decode_tps": 169.8256046227336,
    "mean_ttft_s_first_round": 4.177618333266582,
    "total_completion_tokens": 5249,
    "total_wall_s": 152.5989564070187,
    "total_decode_time_s": 30.908177902034367
  },
  "runs": [
    {
      "task": "chain_mul_div",
      "correct": false,
      "tool_selection_ok": true,
      "called": [
        "multiply",
        "divide"
      ],
      "n_tool_calls": 2,
      "bad_json": 0,
      "unknown_tool": 0,
      "rounds": 3,
      "completion_tokens": 296,
      "decode_time": 1.9129491719941143,
      "wall_time": 9.49103247000312,
      "decode_tps": 154.73490060974328,
      "e2e_tps": 31.187334037210675,
      "sum_ttft": 8.36786141700577,
      "ttft_first": 6.435702703005518,
      "final_text": "",
      "err": null,
      "trial": 0
    },
    {
      "task": "chain_pow_sqrt",
      "correct": true,
      "tool_selection_ok": true,
      "called": [
        "power",
        "sqrt"
      ],
      "n_tool_calls": 2,
      "bad_json": 0,
      "unknown_tool": 0,
      "rounds": 3,
      "completion_tokens": 455,
      "decode_time": 1.1188949550123652,
      "wall_time": 14.61174733300868,
      "decode_tps": 406.65122133379504,
      "e2e_tps": 31.139328488943406,
      "sum_ttft": 13.492852377996314,
      "ttft_first": 8.212392850997276,
      "final_text": "\n\n32",
      "err": null,
      "trial": 0
    },
    {
      "task": "parallel_add_mul",
      "correct": true,
      "tool_selection_ok": true,
      "called": [
        "add",
        "multiply"
      ],
      "n_tool_calls": 2,
      "bad_json": 0,
      "unknown_tool": 0,
      "rounds": 2,
      "completion_tokens": 266,
      "decode_time": 2.2347244849952403,
      "wall_time": 7.270162325992715,
      "decode_tps": 119.03033317351715,
      "e2e_tps": 36.587903828361725,
      "sum_ttft": 5.035437840997474,
      "ttft_first": 2.5009861459984677,
      "final_text": "\n\nThe results are:\n- 45 plus 55 = 100\n- 9 times 9 = 81",
      "err": null,
      "trial": 0
    },
    {
      "task": "currency_chain",
      "correct": true,
      "tool_selection_ok": true,
      "called": [
        "convert_currency",
        "convert_currency"
      ],
      "n_tool_calls": 2,
      "bad_json": 0,
      "unknown_tool": 0,
      "rounds": 3,
      "completion_tokens": 336,
      "decode_time": 2.8586810570122907,
      "wall_time": 9.558075469991309,
      "decode_tps": 117.53672176047704,
      "e2e_tps": 35.15352029338031,
      "sum_ttft": 6.699394412979018,
      "ttft_first": 3.2416020719974767,
      "final_text": "\n\nThe final amount is 44,550.0 JPY.",
      "err": null,
      "trial": 0
    },
    {
      "task": "population_agg",
      "correct": true,
      "tool_selection_ok": true,
      "called": [
        "get_city_population",
        "get_city_population",
        "add",
        "divide"
      ],
      "n_tool_calls": 4,
      "bad_json": 0,
      "unknown_tool": 0,
      "rounds": 4,
      "completion_tokens": 523,
      "decode_time": 2.6088478960155044,
      "wall_time": 13.879525043012109,
      "decode_tps": 200.47163378086486,
      "e2e_tps": 37.681404686345054,
      "sum_ttft": 11.270677146996604,
      "ttft_first": 4.8556042419950245,
      "final_text": "\n\n24000000",
      "err": null,
      "trial": 0
    },
    {
      "task": "chain_mul_div",
      "correct": true,
      "tool_selection_ok": true,
      "called": [
        "multiply",
        "divide"
      ],
      "n_tool_calls": 2,
      "bad_json": 0,
      "unknown_tool": 0,
      "rounds": 3,
      "completion_tokens": 273,
      "decode_time": 1.1208591949980473,
      "wall_time": 8.53098712299834,
      "decode_tps": 243.56315335440112,
      "e2e_tps": 32.00098605986996,
      "sum_ttft": 7.410127928000293,
      "ttft_first": 4.983687982996344,
      "final_text": "\n\n64",
      "err": null,
      "trial": 1
    },
    {
      "task": "chain_pow_sqrt",
      "correct": true,
      "tool_selection_ok": true,
      "called": [
        "power",
        "sqrt"
      ],
      "n_tool_calls": 2,
      "bad_json": 0,
      "unknown_tool": 0,
      "rounds": 3,
      "completion_tokens": 358,
      "decode_time": 1.1160492729977705,
      "wall_time": 10.40250360799837,
      "decode_tps": 320.7743678183599,
      "e2e_tps": 34.41479219721085,
      "sum_ttft": 9.286454335000599,
      "ttft_first": 3.740622056997381,
      "final_text": "\n\n32",
      "err": null,
      "trial": 1
    },
    {
      "task": "parallel_add_mul",
      "correct": true,
      "tool_selection_ok": true,
      "called": [
        "add",
        "multiply"
      ],
      "n_tool_calls": 2,
      "bad_json": 0,
      "unknown_tool": 0,
      "rounds": 2,
      "completion_tokens": 256,
      "decode_time": 2.23019456298789,
      "wall_time": 7.624428130991873,
      "decode_tps": 114.78819124059987,
      "e2e_tps": 33.576288687069905,
      "sum_ttft": 5.394233568003983,
      "ttft_first": 2.7490902510035085,
      "final_text": "\n\nThe results are:\n- 45 plus 55 equals 100\n- 9 times 9 equals 81",
      "err": null,
      "trial": 1
    },
    {
      "task": "currency_chain",
      "correct": true,
      "tool_selection_ok": true,
      "called": [
        "convert_currency",
        "convert_currency"
      ],
      "n_tool_calls": 2,
      "bad_json": 0,
      "unknown_tool": 0,
      "rounds": 3,
      "completion_tokens": 344,
      "decode_time": 2.6026140230096644,
      "wall_time": 10.416420557012316,
      "decode_tps": 132.17480462285306,
      "e2e_tps": 33.02478026085648,
      "sum_ttft": 7.8138065340026515,
      "ttft_first": 3.4929755850025686,
      "final_text": "\n\nThe final amount is 44,550 JPY.",
      "err": null,
      "trial": 1
    },
    {
      "task": "population_agg",
      "correct": true,
      "tool_selection_ok": true,
      "called": [
        "get_city_population",
        "get_city_population",
        "add",
        "divide"
      ],
      "n_tool_calls": 4,
      "bad_json": 0,
      "unknown_tool": 0,
      "rounds": 4,
      "completion_tokens": 534,
      "decode_time": 2.6144815790030407,
      "wall_time": 13.167466904007597,
      "decode_tps": 204.24699270729838,
      "e2e_tps": 40.55449722356803,
      "sum_ttft": 10.552985325004556,
      "ttft_first": 4.724552451996715,
      "final_text": "\n\n24000000",
      "err": null,
      "trial": 1
    },
    {
      "task": "chain_mul_div",
      "correct": true,
      "tool_selection_ok": true,
      "called": [
        "multiply",
        "divide"
      ],
      "n_tool_calls": 2,
      "bad_json": 0,
      "unknown_tool": 0,
      "rounds": 3,
      "completion_tokens": 260,
      "decode_time": 1.2519573860045057,
      "wall_time": 8.292270623001968,
      "decode_tps": 207.67480020207677,
      "e2e_tps": 31.35450009057649,
      "sum_ttft": 7.040313236997463,
      "ttft_first": 4.856302833999507,
      "final_text": "\n\n64",
      "err": null,
      "trial": 2
    },
    {
      "task": "chain_pow_sqrt",
      "correct": true,
      "tool_selection_ok": true,
      "called": [
        "power",
        "sqrt"
      ],
      "n_tool_calls": 2,
      "bad_json": 0,
      "unknown_tool": 0,
      "rounds": 3,
      "completion_tokens": 299,
      "decode_time": 1.3734607730002608,
      "wall_time": 9.196583262004424,
      "decode_tps": 217.6982451030243,
      "e2e_tps": 32.51207448263041,
      "sum_ttft": 7.823122489004163,
      "ttft_first": 3.252788940008031,
      "final_text": "\n\n32",
      "err": null,
      "trial": 2
    },
    {
      "task": "parallel_add_mul",
      "correct": true,