{
  "aggregate": {
    "label": "dflash n=5 @2396a611",
    "model": "qwen/qwen3.6-27b",
    "n_task_runs": 15,
    "accuracy_final_answer": 1.0,
    "tool_selection_accuracy": 1.0,
    "total_tool_calls": 36,
    "bad_json_calls": 0,
    "unknown_tool_calls": 0,
    "e2e_tps_wallclock": 31.59950233593025,
    "mean_task_wall_s": 13.076155301666585,
    "aggregate_decode_tps": 181.33987360938357,
    "mean_ttft_s_first_round": 5.591532976532472,
    "total_completion_tokens": 6198,
    "total_wall_s": 196.1423295249988,
    "total_decode_time_s": 34.17891430403688
  },
  "runs": [
    {
      "task": "chain_mul_div",
      "correct": true,
      "tool_selection_ok": true,
      "called": [
        "multiply",
        "divide"
      ],
      "n_tool_calls": 2,
      "bad_json": 0,
      "unknown_tool": 0,
      "rounds": 3,
      "completion_tokens": 324,
      "decode_time": 1.5214960249868454,
      "wall_time": 11.237140892000753,
      "decode_tps": 212.94830527263537,
      "e2e_tps": 28.832956987363392,
      "sum_ttft": 9.715644867013907,
      "ttft_first": 7.275088070004131,
      "final_text": "\n\n64",
      "err": null,
      "trial": 0
    },
    {
      "task": "chain_pow_sqrt",
      "correct": true,
      "tool_selection_ok": true,
      "called": [
        "power",
        "sqrt"
      ],
      "n_tool_calls": 2,
      "bad_json": 0,
      "unknown_tool": 0,
      "rounds": 3,
      "completion_tokens": 389,
      "decode_time": 1.5202861370053142,
      "wall_time": 12.890880276012467,
      "decode_tps": 255.87288506508312,
      "e2e_tps": 30.176372107330536,
      "sum_ttft": 11.370594139007153,
      "ttft_first": 4.700768219001475,
      "final_text": "\n\n32",
      "err": null,
      "trial": 0
    },
    {
      "task": "parallel_add_mul",
      "correct": true,
      "tool_selection_ok": true,
      "called": [
        "add",
        "multiply"
      ],
      "n_tool_calls": 2,
      "bad_json": 0,
      "unknown_tool": 0,
      "rounds": 2,
      "completion_tokens": 277,
      "decode_time": 2.3421035450010095,
      "wall_time": 8.415773977001663,
      "decode_tps": 118.26974968345415,
      "e2e_tps": 32.91438205885472,
      "sum_ttft": 6.073670432000654,
      "ttft_first": 2.8408446190005634,
      "final_text": "\n\nThe results are:\n- 45 plus 55 equals **100**\n- 9 times 9 equals **81**",
      "err": null,
      "trial": 0
    },
    {
      "task": "currency_chain",
      "correct": true,
      "tool_selection_ok": true,
      "called": [
        "convert_currency",
        "convert_currency"
      ],
      "n_tool_calls": 2,
      "bad_json": 0,
      "unknown_tool": 0,
      "rounds": 3,
      "completion_tokens": 504,
      "decode_time": 2.8131388970068656,
      "wall_time": 16.08857401201385,
      "decode_tps": 179.15930156745827,
      "e2e_tps": 31.32657994572093,
      "sum_ttft": 13.275435115006985,
      "ttft_first": 7.04991336700914,
      "final_text": "\n\nThe final amount is 44,550 JPY.",
      "err": null,
      "trial": 0
    },
    {
      "task": "population_agg",
      "correct": true,
      "tool_selection_ok": true,
      "called": [
        "get_city_population",
        "get_city_population",
        "add",
        "divide"
      ],
      "n_tool_calls": 4,
      "bad_json": 0,
      "unknown_tool": 0,
      "rounds": 4,
      "completion_tokens": 443,
      "decode_time": 3.0407305780099705,
      "wall_time": 13.234025213008863,
      "decode_tps": 145.68867205917493,
      "e2e_tps": 33.47432038776359,
      "sum_ttft": 10.193294634998892,
      "ttft_first": 3.875788006989751,
      "final_text": "\n\n24000000",
      "err": null,
      "trial": 0
    },
    {
      "task": "chain_mul_div",
      "correct": true,
      "tool_selection_ok": true,
      "called": [
        "multiply",
        "divide"
      ],
      "n_tool_calls": 2,
      "bad_json": 0,
      "unknown_tool": 0,
      "rounds": 3,
      "completion_tokens": 309,
      "decode_time": 1.6333680479874602,
      "wall_time": 10.504942553976434,
      "decode_tps": 189.17965266966718,
      "e2e_tps": 29.414725345931025,
      "sum_ttft": 8.871574505988974,
      "ttft_first": 5.965669656987302,
      "final_text": "\n\n64",
      "err": null,
      "trial": 1
    },
    {
      "task": "chain_pow_sqrt",
      "correct": true,
      "tool_selection_ok": true,
      "called": [
        "power",
        "sqrt"
      ],
      "n_tool_calls": 2,
      "bad_json": 0,
      "unknown_tool": 0,
      "rounds": 3,
      "completion_tokens": 618,
      "decode_time": 1.2867347099963808,
      "wall_time": 20.186230081992107,
      "decode_tps": 480.2854816916676,
      "e2e_tps": 30.614928963447728,
      "sum_ttft": 18.899495371995727,
      "ttft_first": 13.89106094899762,
      "final_text": "\n\n32",
      "err": null,
      "trial": 1
    },
    {
      "task": "parallel_add_mul",
      "correct": true,
      "tool_selection_ok": true,
      "called": [
        "add",
        "multiply"
      ],
      "n_tool_calls": 2,
      "bad_json": 0,
      "unknown_tool": 0,
      "rounds": 2,
      "completion_tokens": 296,
      "decode_time": 2.5600168709934223,
      "wall_time": 9.295146000004024,
      "decode_tps": 115.62423800946917,
      "e2e_tps": 31.844577804358515,
      "sum_ttft": 6.735129129010602,
      "ttft_first": 2.703277466003783,
      "final_text": "\n\nThe results are:\n- 45 plus 55 is 100\n- 9 times 9 is 81",
      "err": null,
      "trial": 1
    },
    {
      "task": "currency_chain",
      "correct": true,
      "tool_selection_ok": true,
      "called": [
        "convert_currency",
        "convert_currency"
      ],
      "n_tool_calls": 2,
      "bad_json": 0,
      "unknown_tool": 0,
      "rounds": 3,
      "completion_tokens": 396,
      "decode_time": 2.7995169890200486,
      "wall_time": 12.628477592006675,
      "decode_tps": 141.45297262104384,
      "e2e_tps": 31.35769906664381,
      "sum_ttft": 9.828960602986626,
      "ttft_first": 4.918023623002227,
      "final_text": "\n\nThe final amount is 44,550 JPY.",
      "err": null,
      "trial": 1
    },
    {
      "task": "population_agg",
      "correct": true,
      "tool_selection_ok": true,
      "called": [
        "get_city_population",
        "get_city_population",
        "add",
        "divide"
      ],
      "n_tool_calls": 4,
      "bad_json": 0,
      "unknown_tool": 0,
      "rounds": 4,
      "completion_tokens": 643,
      "decode_time": 3.270531760994345,
      "wall_time": 18.7226527499879,
      "decode_tps": 196.60411425098275,
      "e2e_tps": 34.34342390398794,
      "sum_ttft": 15.452120988993556,
      "ttft_first": 4.452476227001171,
      "final_text": "\n\n24000000",
      "err": null,
      "trial": 1
    },
    {
      "task": "chain_mul_div",
      "correct": true,
      "tool_selection_ok": true,
      "called": [
        "multiply",
        "divide"
      ],
      "n_tool_calls": 2,
      "bad_json": 0,
      "unknown_tool": 0,
      "rounds": 3,
      "completion_tokens": 304,
      "decode_time": 1.7496494820079533,
      "wall_time": 9.815126839006552,
      "decode_tps": 173.74908696061792,
      "e2e_tps": 30.972600251263756,
      "sum_ttft": 8.0654773569986,
      "ttft_first": 3.641158964004717,
      "final_text": "\n\n64",
      "err": null,
      "trial": 2
    },
    {
      "task": "chain_pow_sqrt",
      "correct": true,
      "tool_selection_ok": true,
      "called": [
        "power",
        "sqrt"
      ],
      "n_tool_calls": 2,
      "bad_json": 0,
      "unknown_tool": 0,
      "rounds": 3,
      "completion_tokens": 391,
      "decode_time": 1.2841734620014904,
      "wall_time": 12.722540008995566,
      "decode_tps": 304.4760007659668,
      "e2e_tps": 30.73285678202156,
      "sum_ttft": 11.438366546994075,
      "ttft_first": 6.085650323002483,
      "final_text": "\n\n32.0",
      "err": null,
      "trial": 2
    },
    {
      "task": "parallel_add_mul",
      "correct": true,