{
  "aggregate": {
    "label": "unsloth-Qwen3.6-27B-NVFP4 (MTP, default)",
    "model": "qwen/qwen3.6-27b-nvfp4",
    "n_task_runs": 15,
    "accuracy_final_answer": 1.0,
    "tool_selection_accuracy": 1.0,
    "total_tool_calls": 36,
    "bad_json_calls": 0,
    "unknown_tool_calls": 0,
    "e2e_tps_wallclock": 21.612751560964742,
    "mean_task_wall_s": 20.44472058174821,
    "aggregate_decode_tps": 123.58494775651855,
    "mean_ttft_s_first_round": 8.840159781541054,
    "total_completion_tokens": 6628,
    "total_wall_s": 306.6708087262232,
    "total_decode_time_s": 53.631126770051196
  },
  "runs": [
    {
      "task": "chain_mul_div",
      "correct": true,
      "tool_selection_ok": true,
      "called": [
        "multiply",
        "divide"
      ],
      "n_tool_calls": 2,
      "bad_json": 0,
      "unknown_tool": 0,
      "rounds": 3,
      "completion_tokens": 385,
      "decode_time": 2.47290395363234,
      "wall_time": 18.37222227291204,
      "decode_tps": 155.6874052607221,
      "e2e_tps": 20.955548777985506,
      "sum_ttft": 15.8993183192797,
      "ttft_first": 6.298436110140756,
      "final_text": "\n\n64",
      "err": null,
      "trial": 0
    },
    {
      "task": "chain_pow_sqrt",
      "correct": true,
      "tool_selection_ok": true,
      "called": [
        "power",
        "sqrt"
      ],
      "n_tool_calls": 2,
      "bad_json": 0,
      "unknown_tool": 0,
      "rounds": 3,
      "completion_tokens": 233,
      "decode_time": 2.004179517040029,
      "wall_time": 11.37572668096982,
      "decode_tps": 116.25705083750057,
      "e2e_tps": 20.48220799729481,
      "sum_ttft": 9.37154716392979,
      "ttft_first": 6.550788799067959,
      "final_text": "\n\n32",
      "err": null,
      "trial": 0
    },
    {
      "task": "parallel_add_mul",
      "correct": true,
      "tool_selection_ok": true,
      "called": [
        "add",
        "multiply"
      ],
      "n_tool_calls": 2,
      "bad_json": 0,
      "unknown_tool": 0,
      "rounds": 2,
      "completion_tokens": 290,
      "decode_time": 3.8871179590933025,
      "wall_time": 13.25510766915977,
      "decode_tps": 74.60540252491965,
      "e2e_tps": 21.878358685439697,
      "sum_ttft": 9.367989710066468,
      "ttft_first": 5.366393306059763,
      "final_text": "\n\nThe results are:\n- 45 plus 55 equals **100**\n- 9 times 9 equals **81**",
      "err": null,
      "trial": 0
    },
    {
      "task": "currency_chain",
      "correct": true,
      "tool_selection_ok": true,
      "called": [
        "convert_currency",
        "convert_currency"
      ],
      "n_tool_calls": 2,
      "bad_json": 0,
      "unknown_tool": 0,
      "rounds": 3,
      "completion_tokens": 342,
      "decode_time": 4.459610115736723,
      "wall_time": 16.07771561993286,
      "decode_tps": 76.68831828889641,
      "e2e_tps": 21.271678644197102,
      "sum_ttft": 11.618105504196137,
      "ttft_first": 7.268482068087906,
      "final_text": "\n\nThe final amount is 44,550 JPY.",
      "err": null,
      "trial": 0
    },
    {
      "task": "population_agg",
      "correct": true,
      "tool_selection_ok": true,
      "called": [
        "get_city_population",
        "get_city_population",
        "add",
        "divide"
      ],
      "n_tool_calls": 4,
      "bad_json": 0,
      "unknown_tool": 0,
      "rounds": 4,
      "completion_tokens": 654,
      "decode_time": 4.920916706090793,
      "wall_time": 28.916635127272457,
      "decode_tps": 132.90206663943752,
      "e2e_tps": 22.61673936547292,
      "sum_ttft": 23.995718421181664,
      "ttft_first": 6.784272019984201,
      "final_text": "\n\n24000000",
      "err": null,
      "trial": 0
    },
    {
      "task": "chain_mul_div",
      "correct": true,
      "tool_selection_ok": true,
      "called": [
        "multiply",
        "divide"
      ],
      "n_tool_calls": 2,
      "bad_json": 0,
      "unknown_tool": 0,
      "rounds": 3,
      "completion_tokens": 470,
      "decode_time": 2.478664712049067,
      "wall_time": 21.740313810063526,
      "decode_tps": 189.61822376188167,
      "e2e_tps": 21.61882317367647,
      "sum_ttft": 19.26164909801446,
      "ttft_first": 10.081090183928609,
      "final_text": "\n\n64",
      "err": null,
      "trial": 1
    },
    {
      "task": "chain_pow_sqrt",
      "correct": true,
      "tool_selection_ok": true,
      "called": [
        "power",
        "sqrt"
      ],
      "n_tool_calls": 2,
      "bad_json": 0,
      "unknown_tool": 0,
      "rounds": 3,
      "completion_tokens": 292,
      "decode_time": 2.1209563822485507,
      "wall_time": 13.817879275418818,
      "decode_tps": 137.67374116879935,
      "e2e_tps": 21.13204162374255,
      "sum_ttft": 11.696922893170267,
      "ttft_first": 7.354459112044424,
      "final_text": "\n\n32.0",
      "err": null,
      "trial": 1
    },
    {
      "task": "parallel_add_mul",
      "correct": true,
      "tool_selection_ok": true,
      "called": [
        "add",
        "multiply"
      ],
      "n_tool_calls": 2,
      "bad_json": 0,
      "unknown_tool": 0,
      "rounds": 2,
      "completion_tokens": 289,
      "decode_time": 3.877868518931791,
      "wall_time": 13.143938566790894,
      "decode_tps": 74.52547671203891,
      "e2e_tps": 21.98732126838901,
      "sum_ttft": 9.266070047859102,
      "ttft_first": 5.1359701219480485,
      "final_text": "\n\nThe result of 45 plus 55 is 100, and the result of 9 times 9 is 81.",
      "err": null,
      "trial": 1
    },
    {
      "task": "currency_chain",
      "correct": true,
      "tool_selection_ok": true,
      "called": [
        "convert_currency",
        "convert_currency"
      ],
      "n_tool_calls": 2,
      "bad_json": 0,
      "unknown_tool": 0,
      "rounds": 3,
      "completion_tokens": 281,
      "decode_time": 4.469401836395264,
      "wall_time": 13.645616905298084,
      "decode_tps": 62.871948033797025,
      "e2e_tps": 20.592693020049403,
      "sum_ttft": 9.17621506890282,
      "ttft_first": 4.920053435955197,
      "final_text": "\n\nThe final amount is 44,550.0 JPY.",
      "err": null,
      "trial": 1
    },
    {
      "task": "population_agg",
      "correct": true,
      "tool_selection_ok": true,
      "called": [
        "get_city_population",
        "get_city_population",
        "add",
        "divide"
      ],
      "n_tool_calls": 4,
      "bad_json": 0,
      "unknown_tool": 0,
      "rounds": 4,
      "completion_tokens": 617,
      "decode_time": 5.060332969063893,
      "wall_time": 28.06906472099945,
      "decode_tps": 121.92873547491843,
      "e2e_tps": 21.981494792678316,
      "sum_ttft": 23.008731751935557,
      "ttft_first": 6.668592436006293,
      "final_text": "\n\n24000000",
      "err": null,
      "trial": 1
    },
    {
      "task": "chain_mul_div",
      "correct": true,
      "tool_selection_ok": true,
      "called": [
        "multiply",
        "divide"
      ],
      "n_tool_calls": 2,
      "bad_json": 0,
      "unknown_tool": 0,
      "rounds": 3,
      "completion_tokens": 1023,
      "decode_time": 2.3538800729438663,
      "wall_time": 47.9555469409097,
      "decode_tps": 434.6015804962362,
      "e2e_tps": 21.332255917350487,
      "sum_ttft": 45.60166686796583,
      "ttft_first": 38.54970317101106,
      "final_text": "\n\n64",
      "err": null,
      "trial": 2
    },
    {
      "task": "chain_pow_sqrt",
      "correct": true,
      "tool_selection_ok": true,
      "called": [
        "power",
        "sqrt"
      ],
      "n_tool_calls": 2,
      "bad_json": 0,
      "unknown_tool": 0,
      "rounds": 3,
      "completion_tokens": 318,
      "decode_time": 2.124224388971925,
      "wall_time": 14.915979171870276,
      "decode_tps": 149.7016989593574,
      "e2e_tps": 21.319418345642998,
      "sum_ttft": 12.791754782898352,
      "ttft_first": 8.564059362979606,
      "final_text": "\n\n32.0",
      "err": null,